char,level
爱,1
好,1
八,1
爸,1
吧,1
白,1
天,1
百,1
班,1
半,1
年,1
帮,1
忙,1
包,1
子,1
杯,1
北,1
边,1
京,1
本,1
比,1
别,1
的,1
人,1
病,1
不,1
大,1
对,1
客,1
气,1
用,1
菜,1
茶,1
差,1
常,1
唱,1
歌,1
车,1
票,1
上,1
站,1
吃,1
饭,1
出,1
来,1
去,1
穿,1
床,1
次,1
地,1
从,1
错,1
打,1
电,1
话,1
开,1
球,1
学,1
生,1
到,1
得,1
等,1
点,1
方,1
图,1
弟,1
第,1
二,1
脑,1
视,1
机,1
影,1
院,1
东,1
西,1
动,1
作,1
都,1
读,1
书,1
起,1
多,1
少,1
饿,1
儿,1
店,1
房,1
间,1
放,1
假,1
飞,1
非,1
分,1
风,1
干,1
净,1
什,1
么,1
高,1
兴,1
告,1
诉,1
哥,1
个,1
给,1
跟,1
工,1
关,1
贵,1
国,1
家,1
外,1
过,1
还,1
是,1
有,1
孩,1
汉,1
语,1
字,1
看,1
听,1
玩,1
号,1
喝,1
和,1
很,1
后,1
花,1
坏,1
回,1
答,1
会,1
火,1
场,1
鸡,1
蛋,1
几,1
记,1
住,1
里,1
见,1
面,1
教,1
叫,1
楼,1
姐,1
介,1
绍,1
今,1
进,1
九,1
就,1
觉,1
笑,1
考,1
试,1
渴,1
课,1
文,1
口,1
块,1
快,1
老,1
师,1
了,1
累,1
冷,1
两,1
零,1
六,1
下,1
路,1
妈,1
马,1
吗,1
买,1
慢,1
毛,1
没,1
系,1
事,1
妹,1
门,1
们,1
朋,1
友,1
米,1
条,1
名,1
明,1
拿,1
哪,1
些,1
那,1
奶,1
男,1
南,1
难,1
呢,1
能,1
你,1
您,1
牛,1
女,1
旁,1
跑,1
七,1
汽,1
前,1
钱,1
请,1
问,1
坐,1
热,1
认,1
识,1
真,1
日,1
期,1
肉,1
三,1
山,1
商,1
网,1
午,1
谁,1
身,1
体,1
十,1
时,1
候,1
手,1
树,1
水,1
果,1
睡,1
说,1
四,1
送,1
岁,1
他,1
她,1
太,1
写,1
同,1
馆,1
晚,1
忘,1
我,1
五,1
洗,1
喜,1
欢,1
雨,1
先,1
现,1
在,1
想,1
小,1
谢,1
新,1
星,1
行,1
休,1
息,1
习,1
校,1
要,1
爷,1
也,1
页,1
一,1
衣,1
服,1
医,1
样,1
右,1
元,1
远,1
月,1
再,1
早,1
怎,1
找,1
这,1
着,1
正,1
知,1
道,1
中,1
重,1
准,1
备,1
桌,1
走,1
最,1
昨,1
左,1
做,1
啊,2
情,2
安,2
静,2
全,2
色,2
长,2
办,2
法,2
公,2
室,2
夜,2
助,2
饱,2
报,2
纸,2
背,2
如,2
笔,2
必,2
须,2
变,2
成,2
遍,2
表,2
示,2
但,2
够,2
意,2
思,2
久,2
满,2
定,2
部,2
才,2
单,2
参,2
观,2
加,2
草,2
层,2
查,2
超,2
市,2
辆,2
称,2
绩,2
为,2
复,2
发,2
租,2
船,2
吹,2
春,2
节,2
词,2
典,2
应,2
算,2
印,2
数,2
海,2
量,2
声,2
自,2
然,2
带,2
位,2
倒,2
当,2
处,2
理,2
灯,2
于,2
低,2
铁,2
头,2
掉,2
冬,2
懂,2
物,2
园,2
音,2
度,2
短,2
信,2
段,2
队,2
云,2
而,2
且,2
便,2
向,2
心,2
钟,2
份,2
封,2
务,2
该,2
改,2
感,2
活,2
刚,2
级,2
更,2
共,2
交,2
斤,2
平,2
司,2
狗,2
故,2
顾,2
广,2
际,2
喊,2
像,2
合,2
适,2
河,2
黑,2
板,2
红,2
忽,2
湖,2
护,2
照,2
画,2
迎,2
换,2
黄,2
或,2
者,2
急,2
计,2
划,2
油,2
科,2
庭,2
检,2
件,2
健,2
康,2
讲,2
通,2
角,2
饺,2
脚,2
育,2
接,2
受,2
街,2
目,2
结,2
借,2
入,2
近,2
经,2
酒,2
举,2
句,2
卡,2
靠,2
可,2
怕,2
以,2
克,2
刻,2
堂,2
空,2
哭,2
餐,2
乐,2
筷,2
拉,2
蓝,2
篮,2
王,2
离,2
礼,2
例,2
脸,2
练,2
凉,2
亮,2
留,2
流,2
利,2
旅,2
游,2
绿,2
卖,2
猫,2
题,2
轻,2
鸟,2
弄,2
努,2
力,2
爬,2
排,2
碰,2
篇,2
宜,2
片,2
漂,2
瓶,2
普,2
其,2
骑,2
温,2
千,2
墙,2
青,2
清,2
楚,2
晴,2
求,2
秋,2
鞋,2
取,2
让,2
周,2
省,2
实,2
食,2
使,2
收,2
舒,2
熟,2
顺,2
虽,2
随,2
所,2
它,2
阳,2
态,2
讨,2
论,2
套,2
特,2
疼,2
提,2
停,2
挺,2
推,2
腿,2
完,2
碗,2
万,2
往,2
味,2
喂,2
闻,2
惯,2
澡,2
雪,2
夏,2
相,2
响,2
组,2
姓,2
许,2
选,2
颜,2
眼,2
睛,2
养,2
药,2
已,2
椅,2
般,2
直,2
亿,2
因,2
阴,2
银,2
英,2
永,2
又,2
鱼,2
言,2
原,2
愿,2
越,2
运,2
咱,2
脏,2
晨,2
占,2
确,2
只,2
末,2
主,2
装,2
己,2
由,2
嘴,2
业,2
座,2
按,3
把,3
握,3
搬,3
保,3
持,3
存,3
险,3
证,3
被,3
领,3
较,3
赛,3
化,3
标,3
达,3
格,3
演,3
并,3
播,3
断,3
补,3
充,3
光,3
仅,3
布,3
步,3
采,3
彩,3
曾,3
产,3
城,3
厂,3
朝,3
吵,3
架,3
衬,3
衫,3
功,3
立,3
员,3
程,3
续,3
初,3
除,3
传,3
创,3
造,3
村,3
误,3
破,3
概,3
约,3
夫,3
代,3
团,3
刀,3
导,3
底,3
待,3
区,3
剧,3
台,3
调,3
邮,3
订,3
裤,3
象,3
顿,3
展,3
反,3
范,3
围,3
式,3
防,3
止,3
屋,3
访,3
费,3
配,3
丰,3
富,3
否,3
福,3
父,3
母,3
亲,3
付,3
负,3
责,3
杂,3
念,3
赶,3
紧,3
敢,3
冒,3
速,3
迷,3
性,3
各,3
种,3
根,3
具,3
资,3
民,3
姑,3
娘,3
古,3
乡,3
挂,3
注,3
察,3
众,3
管,3
规,3
内,3
庆,3
汁,3
哈,3
害,3
奇,3
互,3
联,3
华,3
环,3
境,3
议,3
器,3
积,3
极,3
基,3
础,3
及,3
集,3
录,3
纪,3
技,3
术,3
继,3
强,3
属,3
价,3
值,3
坚,3
决,3
简,3
建,3
设,3
将,3
警,3
易,3
材,3
婚,3
束,3
解,3
金,3
牌,3
尽,3
张,3
济,3
精,3
神,3
历,3
验,3
营,3
景,3
旧,3
救,3
据,3
绝,3
咖,3
啡,3
始,3
恐,3
困,3
浪,3
类,3
似,3
连,3
另,3
龙,3
线,3
社,3
乱,3
落,3
麻,3
烦,3
足,3
媒,3
每,3
美,3
丽,3
族,3
显,3
命,3
某,3
木,3
容,3
农,3
暖,3
拍,3
派,3
判,3
胖,3
批,3
评,3
皮,3
啤,3
苹,3
齐,3
怪,3
烈,3
桥,3
巧,3
切,3
况,3
祝,3
消,3
世,3
缺,3
裙,3
群,3
币,3
任,3
何,3
仍,3
散,3
沙,3
伤,3
品,3
升,3
深,3
胜,3
失,3
石,3
终,3
界,3
指,3
首,3
输,3
双,3
死,3
谈,3
汤,3
糖,3
甜,3
整,3
跳,3
舞,3
痛,3
苦,3
突,3
土,3
退,3
善,3
危,3
伟,3
卫,3
章,3
武,3
希,3
望,3
香,3
蕉,3
效,3
血,3
李,3
形,3
状,3
幸,3
修,3
需,3
宣,3
训,3
压,3
烟,3
羊,3
艺,3
义,3
此,3
赢,3
优,3
势,3
箱,3
戏,3
泳,3
预,3
志,3
增,3
争,3
支,3
职,3
至,3
制,3
猪,3
抓,3
专,3
转,3
追,3
总,3
阿,4
姨,4
矮,4
置,4
暗,4
巴,4
士,4
货,4
摆,4
脱,4
败,4
裹,4
含,4
括,4
薄,4
宝,4
贝,4
密,4
守,4
抱,4
倍,4
迫,4
笨,4
毕,4
避,4
免,4
编,4
辩,4
扬,4
冰,4
兵,4
乎,4
擦,4
料,4
财,4
与,4
操,4
测,4
叶,4
途,4
抄,4
潮,4
湿,4
彻,4
沉,4
默,4
赞,4
诚,4
承,4
担,4
序,4
惊,4
迟,4
尺,4
寸,4
冲,4
虫,4
抽,4
奖,4
售,4
席,4
统,4
窗,4
户,4
季,4
纯,4
汇,4
刺,4
激,4
粗,4
促,4
销,4
措,4
施,4
案,4
雷,4
扫,4
折,4
针,4
模,4
陆,4
型,4
替,4
遇,4
袋,4
戴,4
独,4
淡,4
致,4
闭,4
登,4
敌,4
址,4
梯,4
源,4
顶,4
摇,4
豆,4
腐,4
堵,4
肚,4
锻,4
炼,4
恶,4
童,4
耳,4
挥,4
烧,4
官,4
律,4
翻,4
译,4
映,4
松,4
肥,4
之,4
纷,4
奋,4
斗,4
俗,4
则,4
妇,4
妻,4
符,4
附,4
盖,4
趣,4
尚,4
隔,4
供,4
构,4
购,4
骨,4
固,4
瓜,4
临,4
盘,4
逛,4
归,4
鲜,4
寒,4
航,4
毫,4
码,4
厚,4
呼,4
吸,4
怀,4
疑,4
缓,4
率,4
伙,4
伴,4
获,4
即,4
载,4
既,4
寄,4
减,4
渐,4
江,4
究,4
降,4
授,4
阶,4
释,4
禁,4
竟,4
镜,4
卷,4
居,4
局,4
巨,4
距,4
聚,4
虑,4
棵,4
递,4
宽,4
矿,4
泉,4
扩,4
垃,4
圾,4
辣,4
婆,4
泪,4
厘,4
史,4
益,4
俩,4
良,4
粮,4
疗,4
列,4
轮,4
巾,4
帽,4
梦,4
秘,4
描,4
述,4
摸,4
闹,4
宁,4
浓,4
培,4
质,4
均,4
稳,4
限,4
余,4
企,4
浅,4
醒,4
穷,4
趋,4
圈,4
权,4
却,4
燃,4
弱,4
伞,4
森,4
林,4
晒,4
闪,4
赏,4
申,4
甚,4
诗,4
劲,4
叔,4
暑,4
刷,4
牙,4
帅,4
塑,4
酸,4
孙,4
缩,4
躺,4
殊,4
征,4
挑,4
填,4
战,4
贴,4
投,4
透,4
袜,4
弯,4
络,4
微,4
维,4
尾,4
未,4
无,4
聊,4
谓,4
引,4
细,4
咸,4
著,4
县,4
项,4
郎,4
兄,4
胸,4
择,4
寻,4
迅,4
亚,4
呀,4
延,4
严,4
研,4
盐,4
腰,4
依,4
移,4
遗,4
勇,4
秀,4
幼,4
玉,4
圆,4
阅,4
丈,4
招,4
召,4
阵,4
政,4
府,4
治,4
植,4
智,4
逐,4
综,4
阻,4
慰,5
岸,5
摩,5
拔,5
拜,5
版,5
扮,5
棒,5
怨,5
悲,5
辈,5
鼻,5
彼,5
幕,5
辑,5
宾,5
饼,5
毒,5
玻,5
璃,5
博,5
览,5
耐,5
偿,5
猜,5
裁,5
厅,5
饮,5
册,5
叉,5
插,5
询,5
拆,5
寿,5
肠,5
尝,5
倡,5
乘,5
池,5
愁,5
丑,5
臭,5
汗,5
夕,5
厨,5
罚,5
帘,5
闯,5
辞,5
聪,5
脆,5
款,5
击,5
扰,5
胆,5
纲,5
熊,5
呆,5
贷,5
糕,5
挡,5
德,5
震,5
锅,5
丢,5
冻,5
洞,5
堆,5
吨,5
朵,5
躲,5
射,5
繁,5
荣,5
返,5
弃,5
析,5
享,5
疯,5
狂,5
扶,5
幅,5
辅,5
革,5
钢,5
琴,5
搞,5
曲,5
壁,5
沟,5
估,5
鼓,5
励,5
掌,5
键,5
冠,5
军,5
泛,5
鬼,5
柜,5
滚,5
籍,5
敏,5
盒,5
贺,5
恨,5
猴,5
悔,5
胡,5
虎,5
滑,5
慌,5
灰,5
恢,5
忆,5
泼,5
柴,5
灾,5
肌,5
挤,5
夹,5
甲,5
驾,5
驶,5
肩,5
艰,5
剪,5
筑,5
郊,5
胶,5
触,5
戒,5
届,5
竞,5
拒,5
俱,5
核,5
烤,5
鸭,5
颗,5
咳,5
怜,5
惜,5
肯,5
控,5
库,5
亏,5
烂,5
朗,5
漫,5
劳,5
梨,5
貌,5
厉,5
润,5
盆,5
恋,5
邻,5
铃,5
令,5
漏,5
逻,5
骂,5
矛,5
盾,5
贸,5
煤,5
诊,5
秒,5
仿,5
糊,5
托,5
龄,5
仔,5
偶,5
尔,5
摄,5
陪,5
赔,5
喷,5
披,5
肤,5
脾,5
匹,5
骗,5
拼,5
频,5
坦,5
凭,5
葡,5
萄,5
启,5
签,5
欠,5
枪,5
抢,5
悄,5
敲,5
瞧,5
勤,5
域,5
劝,5
乏,5
染,5
绕,5
忍,5
扔,5
软,5
洒,5
杀,5
扇,5
漠,5
傻,5
涨,5
稍,5
蛇,5
舍,5
伸,5
剩,5
傅,5
惠,5
拾,5
瘦,5
蔬,5
悉,5
鼠,5
摔,5
眠,5
硕,5
私,5
搜,5
索,5
宿,5
碎,5
损,5
锁,5
抬,5
弹,5
逃,5
桃,5
厌,5
吐,5
偷,5
兔,5
违,5
唯,5
委,5
胃,5
卧,5
污,5
奈,5
柿,5
吓,5
艳,5
闲,5
献,5
详,5
歇,5
协,5
斜,5
辛,5
欣,5
雄,5
虚,5
押,5
肃,5
邀,5
咬,5
旦,5
乙,5
硬,5
拥,5
幽,5
尤,5
犹,5
豫,5
谊,5
羽,5
绒,5
暂,5
糟,5
赠,5
摘,5
珍,5
珠,5
振,5
挣,5
执,5
央,5
竹,5
饰,5
撞,5
紫,5
豪,5
碍,5
织,5
醉,5
尊,5
敬,5
遵,5
挨,6
罢,6
傍,6
刊,6
歉,6
暴,6
露,6
爆,6
炸,6
惨,6
奔,6
逼,6
缘,6
扁,6
拨,6
波,6
捕,6
纳,6
踩,6
残,6
疾,6
酷,6
仓,6
藏,6
纵,6
厕,6
侧,6
策,6
略,6
异,6
迁,6
昌,6
盛,6
畅,6
炒,6
股,6
撤,6
撑,6
诺,6
镇,6
崇,6
宠,6
储,6
串,6
醋,6
庄,6
搭,6
档,6
忧,6
诞,6
党,6
岛,6
盗,6
滴,6
抵,6
抗,6
吊,6
跌,6
赌,6
渡,6
端,6
伍,6
蹲,6
夺,6
恩,6
怒,6
炎,6
番,6
茄,6
凡,6
殖,6
犯,6
罪,6
佛,6
肺,6
裂,6
愤,6
峰,6
奉,6
浮,6
苏,6
副,6
涉,6
肝,6
杆,6
岗,6
港,6
稿,6
攻,6
宫,6
巩,6
贡,6
孤,6
障,6
刮,6
拐,6
辉,6
阔,6
轨,6
跪,6
旗,6
酱,6
湾,6
洋,6
谐,6
狠,6
横,6
衡,6
宏,6
洪,6
壶,6
幻,6
患,6
皇,6
帝,6
毁,6
绘,6
昏,6
混,6
跃,6
箭,6
械,6
督,6
吉,6
祥,6
予,6
盟,6
嘉,6
尖,6
监,6
捡,6
剑,6
鉴,6
骄,6
傲,6
焦,6
揭,6
奏,6
杰,6
截,6
额,6
融,6
井,6
纠,6
援,6
捐,6
悟,6
舰,6
扣,6
跨,6
啦,6
赖,6
栏,6
懒,6
牢,6
灵,6
袖,6
嘛,6
埋,6
馒,6
盲,6
梅,6
蒙,6
猛,6
棉,6
妙,6
灭,6
誉,6
膜,6
磨,6
墨,6
墓,6
粉,6
泥,6
扭,6
榜,6
盼,6
泡,6
炮,6
偏,6
贫,6
聘,6
屏,6
坡,6
扑,6
铺,6
欺,6
氛,6
恰,6
牵,6
铅,6
谦,6
潜,6
壮,6
梁,6
侵,6
倾,6
洁,6
绪,6
渠,6
券,6
陷,6
乳,6
若,6
塞,6
丧,6
谷,6
亡,6
勺,6
舌,6
审,6
圣,6
践,6
欲,6
薯,6
爽,6
税,6
寺,6
素,6
踏,6
塔,6
叹,6
探,6
趟,6
掏,6
踢,6
添,6
田,6
径,6
讯,6
胞,6
铜,6
徒,6
吞,6
拖,6
挖,6
娃,6
哇,6
顽,6
威,6
胁,6
炉,6
娱,6
乌,6
蹈,6
牺,6
牲,6
菌,6
锋,6
嫌,6
耗,6
麦,6
晓,6
薪,6
仰,6
旺,6
凶,6
悬,6
旋,6
液,6
循,6
沿,6
宴,6
氧,6
野,6
贯,6
仪,6
憾,6
谋,6
隐,6
愉,6
宇,6
谅,6
晕,6
允,6
遭,6
扎,6
债,6
账,6
耀,6
哲,6
症,6
枝,6
慧,6
忠,6
肿,6
粥,6
诸,6
煮,6
宅,6
驻,6
柱,6
赚,6
捉,6
咨,6
宗,6
祖,6
钻,6
佳,6
废,6
伯,7-9
哎,7-9
哀,7-9
癌,7-9
艾,7-9
滋,7-9
唉,7-9
抚,7-9
逸,7-9
昂,7-9
凹,7-9
熬,7-9
奥,7-9
卦,7-9
扒,7-9
芭,7-9
蕾,7-9
柄,7-9
靶,7-9
坝,7-9
霸,7-9
掰,7-9
柏,7-9
扳,7-9
颁,7-9
斑,7-9
侣,7-9
拌,7-9
绑,7-9
磅,7-9
袱,7-9
剥,7-9
煲,7-9
姆,7-9
佑,7-9
堡,7-9
垒,7-9
仇,7-9
酬,7-9
亭,7-9
豹,7-9
骤,7-9
躁,7-9
曝,7-9
卑,7-9
鄙,7-9
碑,7-9
壳,7-9
叛,7-9
诵,7-9
赴,7-9
崩,7-9
溃,7-9
绷,7-9
蹦,7-9
涕,7-9
皆,7-9
喻,7-9
碧,7-9
弊,7-9
疆,7-9
鞭,7-9
贬,7-9
莫,7-9
捷,7-9
辨,7-9
辫,7-9
飙,7-9
彰,7-9
憋,7-9
匠,7-9
墅,7-9
彬,7-9
滨,7-9
缤,7-9
棍,7-9
丙,7-9
秉,7-9
澜,7-9
涛,7-9
削,7-9
驳,7-9
脖,7-9
搏,7-9
慎,7-9
屑,7-9
懈,7-9
亦,7-9
翼,7-9
哺,7-9
耻,7-9
妨,7-9
堪,7-9
伐,7-9
署,7-9
谜,7-9
虹,7-9
霞,7-9
惭,7-9
愧,7-9
灿,7-9
苍,7-9
蝇,7-9
沧,7-9
桑,7-9
舱,7-9
匿,7-9
槽,7-9
坪,7-9
蹭,7-9
诧,7-9
掺,7-9
搀,7-9
馋,7-9
禅,7-9
杖,7-9
缠,7-9
铲,7-9
阐,7-9
颤,7-9
抖,7-9
猖,7-9
嫦,7-9
娥,7-9
敞,7-9
袭,7-9
钞,7-9
嘲,7-9
祸,7-9
厢,7-9
轴,7-9
扯,7-9
甸,7-9
淀,7-9
浸,7-9
闷,7-9
陈,7-9
趁,7-9
呈,7-9
恳,7-9
挚,7-9
惩,7-9
澄,7-9
橙,7-9
逞,7-9
秤,7-9
痴,7-9
塘,7-9
驰,7-9
恒,7-9
辱,7-9
赤,7-9
翅,7-9
膀,7-9
沛,7-9
叠,7-9
屉,7-9
稠,7-9
眉,7-9
筹,7-9
陋,7-9
瞅,7-9
衷,7-9
蓄,7-9
揣,7-9
踹,7-9
川,7-9
舶,7-9
桨,7-9
喘,7-9
捧,7-9
垂,7-9
捶,7-9
锤,7-9
粹,7-9
朴,7-9
醇,7-9
蠢,7-9
戳,7-9
绰,7-9
瓷,7-9
慈,7-9
磁,7-9
伏,7-9
伺,7-9
绣,7-9
赐,7-9
匆,7-9
葱,7-9
丛,7-9
凑,7-9
糙,7-9
鲁,7-9
簇,7-9
窜,7-9
催,7-9
摧,7-9
翠,7-9
搓,7-9
磋,7-9
挫,7-9
岔,7-9
盹,7-9
搅,7-9
捞,7-9
猎,7-9
仗,7-9
揽,7-9
臣,7-9
咧,7-9
巷,7-9
鼎,7-9
棚,7-9
厦,7-9
肆,7-9
腕,7-9
雁,7-9
歹,7-9
逮,7-9
怠,7-9
耽,7-9
搁,7-9
怯,7-9
辰,7-9
荡,7-9
漾,7-9
屿,7-9
捣,7-9
霉,7-9
塌,7-9
窃,7-9
悼,7-9
稻,7-9
笼,7-9
蹬,7-9
凳,7-9
瞪,7-9
碳,7-9
堤,7-9
笛,7-9
御,7-9
蕴,7-9
毯,7-9
狱,7-9
颠,7-9
覆,7-9
巅,7-9
缀,7-9
垫,7-9
惦,7-9
奠,7-9
殿,7-9
刁,7-9
叼,7-9
雕,7-9
钓,7-9
爹,7-9
迭,7-9
丁,7-9
叮,7-9
嘱,7-9
盯,7-9
钉,7-9
丸,7-9
董,7-9
脉,7-9
栋,7-9
兜,7-9
陡,7-9
浆,7-9
逗,7-9
杜,7-9
妒,7-9
忌,7-9
砌,7-9
弈,7-9
峙,7-9
兑,7-9
敦,7-9
炖,7-9
哆,7-9
嗦,7-9
魁,7-9
舵,7-9
堕,7-9
讹,7-9
诈,7-9
俄,7-9
鹅,7-9
厄,7-9
劣,7-9
遏,7-9
鳄,7-9
睹,7-9
酵,7-9
掘,7-9
愣,7-9
誓,7-9
泄,7-9
阀,7-9
帆,7-9
恼,7-9
馈,7-9
滥,7-9
畴,7-9
贩,7-9
汛,7-9
疫,7-9
纺,7-9
翔,7-9
绯,7-9
沃,7-9
皂,7-9
诽,7-9
谤,7-9
寝,7-9
墟,7-9
沸,7-9
腾,7-9
割,7-9
泌,7-9
歧,7-9
赃,7-9
芬,7-9
芳,7-9
吩,7-9
咐,7-9
坟,7-9
焚,7-9
丝,7-9
粪,7-9
缝,7-9
筝,7-9
蜂,7-9
蜜,7-9
逢,7-9
讽,7-9
凤,7-9
凰,7-9
孵,7-9
敷,7-9
俘,7-9
虏,7-9
辐,7-9
恤,7-9
斧,7-9
俯,7-9
蚀,7-9
朽,7-9
赋,7-9
翁,7-9
裕,7-9
腹,7-9
泻,7-9
邪,7-9
钙,7-9
戈,7-9
旱,7-9
燥,7-9
甘,7-9
尴,7-9
尬,7-9
慨,7-9
毅,7-9
缸,7-9
杠,7-9
雅,7-9
诫,7-9
胳,7-9
膊,7-9
鸽,7-9
颂,7-9
咏,7-9
阂,7-9
蒂,7-9
踪,7-9
耕,7-9
耿,7-9
弓,7-9
函,7-9
仆,7-9
顷,7-9
寓,7-9
廷,7-9
恭,7-9
拱,7-9
鸣,7-9
勾,7-9
钩,7-9
呛,7-9
沽,7-9
寡,7-9
辜,7-9
迹,7-9
雇,7-9
佣,7-9
乖,7-9
吏,7-9
僚,7-9
棺,7-9
辖,7-9
灌,7-9
溉,7-9
罐,7-9
碟,7-9
缆,7-9
芒,7-9
磊,7-9
泽,7-9
龟,7-9
矩,7-9
闺,7-9
瑰,7-9
桂,7-9
徽,7-9
滤,7-9
瘾,7-9
绵,7-9
滩,7-9
峡,7-9
啸,7-9
藻,7-9
骇,7-9
臊,7-9
羞,7-9
酣,7-9
涵,7-9
罕,7-9
捍,7-9
焊,7-9
哄,7-9
浩,7-9
劫,7-9
呵,7-9
禾,7-9
苗,7-9
蔼,7-9
睦,7-9
畔,7-9
荷,7-9
赫,7-9
鹤,7-9
嘿,7-9
痕,7-9
哼,7-9
竖,7-9
轰,7-9
烘,7-9
弘,7-9
喉,7-9
咙,7-9
吼,7-9
裔,7-9
唤,7-9
吁,7-9
悠,7-9
泊,7-9
涂,7-9
瓣,7-9
卉,7-9
纹,7-9
侨,7-9
哗,7-9
稽,7-9
纤,7-9
夷,7-9
妆,7-9
筒,7-9
孕,7-9
槐,7-9
晃,7-9
焕,7-9
荒,7-9
谬,7-9
恍,7-9
谎,7-9
尘,7-9
煌,7-9
晤,7-9
贿,7-9
赂,7-9
纱,7-9
姻,7-9
浑,7-9
魂,7-9
凝,7-9
淆,7-9
浊,7-9
豁,7-9
炬,7-9
焰,7-9
霍,7-9
讥,7-9
饥,7-9
畸,7-9
棘,7-9
嫉,7-9
脊,7-9
讳,7-9
剂,7-9
祭,7-9
祀,7-9
寂,7-9
寞,7-9
禽,7-9
驭,7-9
嫁,7-9
锐,7-9
奸,7-9
歼,7-9
韧,7-9
兼,7-9
煎,7-9
拣,7-9
仁,7-9
谍,7-9
隙,7-9
贱,7-9
溅,7-9
姜,7-9
僵,7-9
浇,7-9
娇,7-9
囊,7-9
礁,7-9
嚼,7-9
狡,7-9
猾,7-9
绞,7-9
矫,7-9
缴,7-9
轿,7-9
俭,7-9
晶,7-9
竭,7-9
剖,7-9
津,7-9
筋,7-9
锦,7-9
谨,7-9
晋,7-9
茎,7-9
荆,7-9
魄,7-9
讶,7-9
莹,7-9
兢,7-9
疲,7-9
髓,7-9
颈,7-9
惕,7-9
佩,7-9
窘,7-9
揪,7-9
舅,7-9
拘,7-9
鞠,7-9
躬,7-9
菊,7-9
橘,7-9
沮,7-9
瞩,7-9
锯,7-9
诀,7-9
窍,7-9
倔,7-9
崛,7-9
爵,7-9
匀,7-9
君,7-9
俊,7-9
俏,7-9
骏,7-9
竣,7-9
垦,7-9
辟,7-9
拓,7-9
凯,7-9
楷,7-9
勘,7-9
侃,7-9
砍,7-9
慷,7-9
扛,7-9
拢,7-9
苛,7-9
磕,7-9
嗽,7-9
泣,7-9
隆,7-9
舟,7-9
啃,7-9
坑,7-9
怖,7-9
惧,7-9
抠,7-9
腔,7-9
哨,7-9
罩,7-9
弦,7-9
枯,7-9
窟,7-9
窿,7-9
夸,7-9
垮,7-9
挎,7-9
恕,7-9
筐,7-9
旷,7-9
框,7-9
昆,7-9
捆,7-9
惑,7-9
弧,7-9
喇,7-9
叭,7-9
腊,7-9
蜡,7-9
烛,7-9
椒,7-9
拦,7-9
惰,7-9
狼,7-9
狈,7-9
唠,7-9
叨,7-9
姥,7-9
涝,7-9
勒,7-9
棱,7-9
谱,7-9
黎,7-9
睬,7-9
粒,7-9
莲,7-9
邦,7-9
廉,7-9
颊,7-9
栖,7-9
辽,7-9
寥,7-9
潦,7-9
犬,7-9
拎,7-9
淋,7-9
凌,7-9
溜,7-9
浏,7-9
氓,7-9
淌,7-9
柳,7-9
遛,7-9
聋,7-9
垄,7-9
搂,7-9
芦,7-9
灶,7-9
卤,7-9
莽,7-9
鹿,7-9
铝,7-9
屡,7-9
缕,7-9
履,7-9
孪,7-9
卵,7-9
掠,7-9
抡,7-9
伦,7-9
廓,7-9
胎,7-9
坛,7-9
罗,7-9
萝,7-9
卜,7-9
螺,7-9
裸,7-9
绎,7-9
痹,7-9
桶,7-9
迈,7-9
蛮,7-9
瞒,7-9
蔓,7-9
碌,7-9
茫,7-9
茅,7-9
茂,7-9
昧,7-9
辙,7-9
玫,7-9
枚,7-9
炭,7-9
魅,7-9
槛,7-9
萌,7-9
芽,7-9
朦,7-9
胧,7-9
弥,7-9
勉,7-9
缅,7-9
瞄,7-9
渺,7-9
庙,7-9
媚,7-9
铭,7-9
拟,7-9
蘑,7-9
菇,7-9
魔,7-9
抹,7-9
陌,7-9
契,7-9
牡,7-9
丹,7-9
亩,7-9
沐,7-9
浴,7-9
牧,7-9
募,7-9
穆,7-9
斯,7-9
呐,7-9
乃,7-9
挠,7-9
阁,7-9
嫩,7-9
拧,7-9
尼,7-9
潭,7-9
逆,7-9
黏,7-9
酿,7-9
巢,7-9
尿,7-9
捏,7-9
纽,7-9
郁,7-9
奴,7-9
隶,7-9
婿,7-9
虐,7-9
挪,7-9
哦,7-9
殴,7-9
呕,7-9
趴,7-9
斥,7-9
徘,7-9
徊,7-9
遣,7-9
攀,7-9
庞,7-9
抛,7-9
刨,7-9
沫,7-9
胚,7-9
葬,7-9
抨,7-9
烹,7-9
蓬,7-9
勃,7-9
鹏,7-9
膨,7-9
胀,7-9
劈,7-9
惫,7-9
倦,7-9
媲,7-9
僻,7-9
譬,7-9
飘,7-9
撇,7-9
乒,7-9
乓,7-9
萍,7-9
颇,7-9
菩,7-9
萨,7-9
瀑,7-9
沏,7-9
凄,7-9
漆,7-9
祈,7-9
祷,7-9
棋,7-9
袍,7-9
帜,7-9
乞,7-9
丐,7-9
岂,7-9
迪,7-9
馁,7-9
迄,7-9
掐,7-9
洽,7-9
钧,7-9
逊,7-9
虔,7-9
钳,7-9
艇,7-9
谴,7-9
毙,7-9
乔,7-9
翘,7-9
撬,7-9
钦,7-9
戚,7-9
蛙,7-9
蔑,7-9
晰,7-9
柬,7-9
帖,7-9
丘,7-9
陵,7-9
囚,7-9
驱,7-9
屈,7-9
缔,7-9
娶,7-9
拳,7-9
凿,7-9
嚷,7-9
饶,7-9
惹,7-9
宰,7-9
溶,7-9
冗,7-9
柔,7-9
揉,7-9
儒,7-9
瑞,7-9
撒,7-9
嗓,7-9
骚,7-9
嫂,7-9
僧,7-9
刹,7-9
砂,7-9
鲨,7-9
筛,7-9
冈,7-9
岭,7-9
寨,7-9
删,7-9
煽,7-9
烁,7-9
擅,7-9
膳,7-9
赡,7-9
贾,7-9
旬,7-9
捎,7-9
奢,7-9
侈,7-9
氏,7-9
躯,7-9
绅,7-9
仙,7-9
肾,7-9
渗,7-9
涯,7-9
畜,7-9
绳,7-9
贤,7-9
尸,7-9
狮,7-9
髦,7-9
侍,7-9
逝,7-9
嗜,7-9
敛,7-9
臂,7-9
帕,7-9
株,7-9
橱,7-9
抒,7-9
枢,7-9
梳,7-9
疏,7-9
赎,7-9
曙,7-9
缚,7-9
梢,7-9
荫,7-9
耍,7-9
衰,7-9
跤,7-9
甩,7-9
拴,7-9
涮,7-9
霜,7-9
瞬,7-9
绸,7-9
撕,7-9
饲,7-9
弛,7-9
耸,7-9
艘,7-9
酥,7-9
讼,7-9
蒜,7-9
遂,7-9
隧,7-9
泰,7-9
贪,7-9
婪,7-9
摊,7-9
瘫,7-9
痪,7-9
痰,7-9
倘,7-9
烫,7-9
滔,7-9
陶,7-9
冶,7-9
淘,7-9
汰,7-9
藤,7-9
剔,7-9
剃,7-9
舔,7-9
衅,7-9
缉,7-9
宵,7-9
捅,7-9
窥,7-9
衔,7-9
凸,7-9
秃,7-9
屠,7-9
匪,7-9
壤,7-9
荐,7-9
卸,7-9
颓,7-9
役,7-9
屯,7-9
颖,7-9
驮,7-9
妥,7-9
唾,7-9
瓦,7-9
歪,7-9
挽,7-9
惋,7-9
汪,7-9
妄,7-9
慑,7-9
伪,7-9
纬,7-9
婉,7-9
萎,7-9
畏,7-9
馨,7-9
瘟,7-9
蚊,7-9
帐,7-9
吻,7-9
紊,7-9
窝,7-9
秽,7-9
巫,7-9
呜,7-9
咽,7-9
侮,7-9
捂,7-9
勿,7-9
雾,7-9
昔,7-9
稀,7-9
锡,7-9
熙,7-9
攘,7-9
熄,7-9
膝,7-9
嬉,7-9
媳,7-9
涤,7-9
悦,7-9
腻,7-9
虾,7-9
瞎,7-9
侠,7-9
狭,7-9
隘,7-9
窄,7-9
坠,7-9
唬,7-9
掀,7-9
宪,7-9
阱,7-9
馅,7-9
羡,7-9
慕,7-9
腺,7-9
镶,7-9
嵌,7-9
链,7-9
橡,7-9
萧,7-9
潇,7-9
溪,7-9
卒,7-9
孝,7-9
肖,7-9
挟,7-9
携,7-9
芯,7-9
猩,7-9
腥,7-9
刑,7-9
汹,7-9
涌,7-9
膛,7-9
锈,7-9
嗅,7-9
徐,7-9
旭,7-9
叙,7-9
酗,7-9
絮,7-9
喧,7-9
玄,7-9
崖,7-9
涡,7-9
炫,7-9
靴,7-9
穴,7-9
栓,7-9
勋,7-9
熏,7-9
觅,7-9
巡,7-9
驯,7-9
丫,7-9
抑,7-9
鸦,7-9
雀,7-9
齿,7-9
膏,7-9
哑,7-9
囱,7-9
淹,7-9
峻,7-9
岩,7-9
阎,7-9
衍,7-9
掩,7-9
燕,7-9
秧,7-9
杨,7-9
溢,7-9
痒,7-9
妖,7-9
窑,7-9
谣,7-9
遥,7-9
钥,7-9
匙,7-9
椰,7-9
炊,7-9
兽,7-9
伊,7-9
兰,7-9
怡,7-9
矣,7-9
倚,7-9
吭,7-9
屹,7-9
殷,7-9
擎,7-9
诱,7-9
蔽,7-9
镑,7-9
婴,7-9
鹰,7-9
荧,7-9
盈,7-9
庸,7-9
踊,7-9
矢,7-9
稚,7-9
饵,7-9
渔,7-9
逾,7-9
愚,7-9
舆,7-9
宙,7-9
兆,7-9
愈,7-9
冤,7-9
枉,7-9
渊,7-9
曰,7-9
岳,7-9
陨,7-9
酝,7-9
韵,7-9
砸,7-9
栽,7-9
攒,7-9
殃,7-9
枣,7-9
噪,7-9
贼,7-9
渣,7-9
闸,7-9
眨,7-9
榨,7-9
沾,7-9
粘,7-9
瞻,7-9
斩,7-9
盏,7-9
崭,7-9
绽,7-9
蘸,7-9
篷,7-9
暮,7-9
沼,7-9
肇,7-9
遮,7-9
灸,7-9
侦,7-9
枕,7-9
撼,7-9
睁,7-9
蒸,7-9
拯,7-9
郑,7-9
芝,7-9
肢,7-9
脂,7-9
肪,7-9
旨,7-9
秩,7-9
窒,7-9
滞,7-9
贞,7-9
瘤,7-9
仲,7-9
昼,7-9
皱,7-9
朱,7-9
竿,7-9
拄,7-9
贮,7-9
铸,7-9
爪,7-9
拽,7-9
砖,7-9
撰,7-9
稼,7-9
桩,7-9
幢,7-9
溯,7-9
拙,7-9
灼,7-9
卓,7-9
酌,7-9
姿,7-9
兹,7-9
粽,7-9
廊,7-9
揍,7-9
赁,7-9
唇,7-9
琢,7-9
佐,7-9
